learner,accuracy,f1
stacking_ensemble,0.9736842105263158,0.9790209790209791
dt,1.0,1.0
lr,0.9912280701754386,0.993103448275862
svc,0.9736842105263158,0.9795918367346939
